id,title,artist,genre
1,跟悲伤结了帐,Gareth.T/揽佬SKAI ISYOURGOD,中文说唱
2,BLACKBIRRRD,GALI,中文说唱
3,唤水剑,SASIOVERLXRD,中文说唱
4,天生痛苦,SASIOVERLXRD,中文说唱
5,懂不？,艾志恒Asen,中文说唱
6,生活麻辣烫,王齐铭WatchMe,中文说唱
7,Hotel Lobby,马思唯/艾志恒Asen,中文说唱
8,回声,杭异凡/王栎鑫/法老,中文说唱
9,短裙 (MiniSkirt),OuttaWave/DOMMIU李由音,中文说唱
10,LV,APMOZART/SASIOVERLXRD,中文说唱
11,英雄,艾志恒Asen,中文说唱
12,杏冷淡freestyle,柴行敏,中文说唱
13,不得了Freestyle,王齐铭WatchMe,中文说唱
14,街头流行,艾洛樱Aluvin/Top Barry,中文说唱
15,五小区,王齐铭WatchMe,中文说唱
16,在雨后醒来,艾志恒Asen,中文说唱
17,万花筒写轮眼,BOBBYNOPEACE,中文说唱
18,不后悔,宝石Gem/张碧晨,中文说唱
19,赢家圈子,APMOZART/马思唯,中文说唱
20,解放路八巷,酷P,中文说唱
21,One night in 解放碑,王齐铭WatchMe,中文说唱
22,Dear Mama,艾志恒Asen,中文说唱
23,花伞,亞細亞曠世奇才/诺米么Lodmemo,中文说唱
24,永玄定鼎,MULA SAKEE,中文说唱
25,登录,马思唯,中文说唱
26,瞳孔,三火flame,中文说唱
27,Like ovo,APMOZART/GALI,中文说唱
28,紫气东来,揽小,中文说唱
29,你给的恨,艾志恒Asen/Maikon Flocka Flame,中文说唱
30,睡不着,艾志恒Asen,中文说唱
31,五百,宝石Gem,中文说唱
32,老生常谈Freestyle,王齐铭WatchMe,中文说唱
33,哥这儿才叫日子 (feat. Capper),Cool-Aid陈轶伦/Capper,中文说唱
34,危险温度,程思源/BlackTheDevil,中文说唱
35,不听嘻哈才是一件很嘻哈的事,福来/MC HotDog 热狗,中文说唱
36,Pretty,王鹤棣,中文说唱
37,多事之秋,王齐铭WatchMe,中文说唱
38,那就赚,EvilJoker/一乐AJoyX/BIG.Z黄增凯,中文说唱
39,17. Anybody Know? (Bonus Track),D Minor/2Night,中文说唱
40,耐寒体质,FEEEleven/杨和苏KeyNG,中文说唱
41,明天天明,海洋Bo,中文说唱
42,炸弹爱,africakid/ATM Hanson,中文说唱
43,才发现最喜欢是过万圣节,河南说唱之神,中文说唱
44,烂房间,赵太阳/PSY.P,中文说唱
45,有害健康 (feat. Capper),Cool-Aid陈轶伦/Capper,中文说唱
46,冷夜雨（RUN AWAY）,西奥Sio/KEY.L刘聪/梁笑生AIRBUS130,中文说唱
47,T0,马思唯,中文说唱
48,纠（feat.黄誉博）,AK刘彰/黄誉博,中文说唱
49,他们从未离去,Rapeter/热单间HEATROOM,中文说唱
50,局子街,零赫兹0HZ/金俊秀 June/BEEN元彬,中文说唱
51,卡农（经典钢琴版）,dylanf,古典
52,舒伯特摇篮曲,舒伯特摇篮曲,古典
53,Before You Left,Yehezkel Raz,古典
54,"Nocturne No. 2 in E Flat Major, Op. 9, No. 2",Arthur Rubinstein,古典
55,摇篮曲 舒伯特,古典留声机,古典
56,贝多芬 钢琴曲《致爱丽丝》,天之籁音乐,古典
57,"Nocturne No. 1 in B Flat Minor, Op. 9, No. 1",Arthur Rubinstein,古典
58,A小調圓舞曲〈遺作〉waltz In A Minor B.150 Op. Posth,Zelimir Panic,古典
59,"Cello Suite No. 1 in G Major, BWV 1007:I. Prélude",Janos Starker,古典
60,"Goldberg Variations, BWV 988:Aria",Glenn Gould,古典
61,肖邦: 夜曲,Noble Music Project,古典
62,勃拉姆斯摇篮曲,nengcd,古典
63,"Suite bergamasque, L.75 - 3. Clair de lune",Pascal Rogé,古典
64,巴赫G弦上的咏叹调,巴赫G弦上的咏叹调,古典
65,"贝多芬: 《月光奏鸣曲》第一乐章, 作品27-2",Noble Music Project,古典
66,Canon in D,Johann Pachelbel/Chris Snelling,古典
67,舒伯特小夜曲,舒伯特小夜曲,古典
68,莫扎特: 摇篮曲,Noble Music Project,古典
69,"Cello Suite No. 1 in G Major, BWV 1007:I. Prelude",Alexander Rudin,古典
70,"Waltz No.19 in A minor, Op.posth.",Claudio Arrau,古典
71,"Clavierbüchlein for Anna Magdalena Bach, Book 2, BWV Anh. 113-132: Minuet in G Major, BWV Anh 114",Janos Sebestyen,古典
72,Arioso (Adagio in G) from Cantata BWV 156 (Arr. Lloyd Webber),Julian Lloyd Webber/John Lenehan,古典
73,On the Nature of Daylight,Max Richter,古典
74,巴赫：十二平均律 C大调前奏曲 No.1,纳兰慧心,古典
75,Prelude in C major BWV 846,Maurizio Pollini,古典
76,小步舞曲（巴赫）,nengcd,古典
77,Richter: Dream 1 (before the wind blows it all away),Max Richter,古典
78,Arioso,Shuku Iwasaki/Janos Starker,古典
79,莫扎特：G大调小夜曲,纳兰慧心,古典
80,Habanera from Carmen / La Cumparsita,Martynas,古典
81,La Campanella,李云迪,古典
82,"Concerto In F Minor for Violin, String Orchestra and Continuo, Op. 8, No. 4, RV 297, ""L'inverno"" (Winter):Allegro non molto",Antonio Vivaldi,古典
83,"Sonata for 2 pianos in D, K.448:2. Andante",Ingrid Haebler/Ludwig Hoffmann,古典
84,贝多芬 欢乐颂（第九交响曲钢琴版）,Wendy Anderson,古典
85,莫扎特 摇篮曲,Wolfgang Amadeus Mozart,古典
86,"Lullaby (Wiegenlied, Op. 49, No. 4)",马友友/Kathryn Stott,古典
87,"Symphony No.9 in E minor, Op.95 ""From the New World"": IV.Allegro con fuoco",Herbert von Karajan/Berliner Philharmoniker,古典
88,"The Well-Tempered Clavier, Book 1, BWV 846-869: I. Prelude and Fugue in C Major, BWV 846",Jeno Jando,古典
89,"8 Humoresques, Op. 101, B. 187:No. 7, Poco lento e grazioso (Transcribed by Oscar Morawetz for Violin, Cello & Orchestra)",Seiji Ozawa/马友友/Itzhak Perlman/Antonín Dvořák/Boston Symphony Orchestra,古典
90,"Suite No. 7 in G Minor, HWV 432/6: VI. Passacaglia for Piano",Kassia,古典
91,"Sonata for 2 pianos in D, K.448:1. Allegro con spirito",Ingrid Haebler/Ludwig Hoffmann,古典
92,Salut D’amour Op. 12,Edward Elgar,古典
93,"Requiem in D Minor, K. 626: 3. Sequentia: Lacrimosa",Wiener Singverein/Helmut Froschauer/Wiener Philharmoniker/Herbert von Karajan,古典
94,Humoresque,David Garrett,古典
95,"Piano Concerto No. 23 in A Major, K. 488:II. Adagio",Vladimir Horowitz/Orchestra del Teatro alla Scala di Milano/Carlo Maria Giulini,古典
96,"Swan Lake (Suite), Op. 20a, TH. 219:I. Scene - Swan Theme",Berliner Philharmoniker/Leon Spierer/Eberhard Finke/Mstislav Rostropovich,古典
97,"Waltz No.10 in B Minor, Op.69 No.2",Claudio Arrau,古典
98,She Was Running,Max Richter,古典
99,"Les saisons (The Seasons), Op. 37b:No. 6. June: Barcarolle",Ilona Prunyi,古典
100,月光曲 贝多芬（第一乐章）,离羽墨,古典
101,Pathetique III,Cuba Percussion,古典
102,"Voices of Spring, Op.410 (Frühlingsstimmen) - vocal version",Kathleen Battle/Wiener Philharmoniker/Herbert von Karajan,古典
103,"Nocturne No. 13 in C Minor, Op. 48, No. 1",Arthur Rubinstein,古典
104,A Gift of a Thistle (from Braveheart),Catrin Finch/Erdo Groot/Julian Lloyd Webber/Pam Chowhan/Steafan Hannigan/Stefan Hannigan,古典
105,"Schwanengesang, D.957:Ständchen",Arthur Grumiaux,古典
106,"The Four Seasons, Violin Concerto in F Minor, Op. 8 No. 4, RV 297 ""Winter"":I. Allegro non molto",Anne-Sophie Mutter/Herbert von Karajan/Peter Alward/Wiener Philharmoniker,古典
107,3 Old Viennese Dances:II. Liebesleid,Yo-Yo Ma/Patricia Zander,古典
108,德彪西: 月光,贵族音乐古典,古典
109,"Nocturne No. 19 in E Minor, Op. 72, No. 1",Arthur Rubinstein,古典
110,Clair de Lune (from Suite Bergamasque),Kun Woo Paik,古典
111,"Beethoven's Piano Sonata No. 8, Pathetique",上原ひろみ/Anthony Jackson/Simon Phillips,古典
112,"An der schönen blauen Donau, Op.314",Wiener Philharmoniker/Herbert von Karajan,古典
113,Whispers,Max Richter,古典
114,"Concerto in D Minor (After Alessandro Marcello), BWV 974: II. Adagio",Alexandra Streliski/Johann Sebastian Bach,古典
115,España Cani,André Rieu,古典
116,"Ballade No.1 In G Minor, Op.23",Krystian Zimerman,古典
117,Passacaille,Bronn Journey,古典
118,a小调圆舞曲(Off Vocal),ACK/Frédéric François Chopin,古典
119,维瓦尔第《四季》 “冬” 第一乐章 -   I. Allegro non molto,天之籁音乐,古典
120,"13 Pieces for Piano, Op. 76:II. Etude",王健/Göran Söllscher,古典
121,"Violin Concerto No.2 In B Minor, Op.7, MS.48:3. Rondo à la clochette, 'La campanella'",Charles Dutoit/London Philharmonic Orchestra/Salvatore Accardo,古典
122,"Nocturne No. 10 in A Flat Major, Op. 32, No. 2",Arthur Rubinstein,古典
123,Gyménopédie N°1,Ophélie Gaillard/Royal Philharmonic Orchestra/Tim Redmond,古典
124,"Piano Concerto No.2 In C Minor, Op.18:1. Moderato",Sviatoslav Richter/Stanislaw Wislocki/Warsaw National Philharmonic Orchestra,古典
125,"La campanella in G-Sharp Minor (From ""Grandes études de Paganini"", S. 141 / 3)",郎朗/Franz Liszt,古典
126,Canon in D,Brooklyn Duo,古典
127,"Suite No.3 in D, BWV 1068:2. Air",Johann Sebastian Bach,古典
128,Carmen:Act I: L'amour est un oiseau rebelle,Raoul Jobin/Martha Angelici/Michel Dens/Solange Michel/Paris Opera-Comique Chorus/Paris Opera-Comique Orchestra/André Cluytens,古典
129,"Nocturne No. 15 in F Minor, Op. 55, No. 1",Arthur Rubinstein,古典
130,"Sicilienne, Op. 78",Erdo Groot/John Lenehan/Julian Lloyd Webber,古典
131,Skaters' Waltz,André Rieu,古典
132,"Orchestral Suite No. 3 in D Major, BWV 1068:II. Air",马友友/Bobby McFerrin,古典
133,Lacrimosa,Vienna Mozart Orchestra,古典
134,莫扎特 土耳其进行曲,Wendy Anderson,古典
135,Soleá Canon,Carlos Gomez/Gustavo Montesano/Gustavo Montesanos Gonzales/Royal Philharmonic Orchestra,古典
136,"The Four Seasons, Violin Concerto in E Major, Op. 8 No. 1, RV 269 ""Spring"":I. Allegro",Anne-Sophie Mutter/Herbert von Karajan/Peter Alward/Wiener Philharmoniker,古典
137,Overture (William Tell),André Rieu,古典
138,"Hungarian Dance No.5 in G Minor, WoO 1 No.5 - Orchestrated by Martin Schmeling (?-1943) - Hungarian Dance No.5 In G Minor, WoO 1",Wiener Philharmoniker/Claudio Abbado,古典
139,Three Worlds: Music From Woolf Works / Mrs Dalloway:Meeting Again,Max Richter/Louisa Fuller/Natalia Bonner/John Metcalfe/Ian Burdge/Chris Worsey,古典
140,g小调的巴赫（大提琴&钢琴）,倪椤,古典
141,Carmen Suite No. 2:Chanson du Toréador: Allegro moderato** (Act II),Leonard Bernstein/New York Philharmonic Orchestra/David Nadien/Georges Bizet/William Vacchiano,古典
142,Hungarian Dance No.5 in G Minor,Martynas,古典
143,Nessun Dorma,Luciano Pavarotti/Zubin Mehta/Orchestra of the Rome Opera House/Orchestra del Maggio Musicale Fiorentino,古典
144,Moonlight Sonata,Marcin,古典
145,圣桑: 天鹅,Noble Music Project,古典
146,"The Four Seasons, Violin Concerto in G Minor, Op. 8 No. 2, RV 315 ""Summer"":III. Presto",Anne-Sophie Mutter/Herbert von Karajan/Peter Alward/Wiener Philharmoniker,古典
147,"Prelude & Fugue No. 1 in C Major, BWV 846:Prelude",Glenn Gould,古典
148,"The Seasons, Op.37b:6. June: Barcarolle",Vladimir Ashkenazy,古典
149,舒曼: 《童年情景》梦幻曲,Piano lullaby classic (클래식 기타의 향기),古典
150,"Piano Concerto No.1 In b Flat Minor Op.23 TH.55:1. Allegro non troppo e molto maestoso - Allegro con spirito (Live At Philharmonie, Berlin / 1994)",Martha Argerich/Berliner Philharmoniker/Claudio Abbado,古典
151,MONTAGEM XONADA,MXZI/DJ Samir/DJ Javi26,电音
152,弥渡山歌 (PHONK),羊音乐,电音
153,盐津-她遇见我-Yanjin-She Met Me,Sister Gertha Lemone,电音
154,Montagem Nada,Lunak,电音
155,Electronic ibuprofen,MerrinZephyr,电音
156,The King（Music）,Paper.MAN,电音
157,MONTAGEM XONADA (FUNK NA FAVELA),7YE,电音
158,PRESSURE(PHONK),GTR7,电音
159,Time Is Broken,36KToughGuy,电音
160,Moonwalk（Sped Version）,KKK,电音
161,Scar Face（PHONK）,KKK,电音
162,Black Soul,Smoke,电音
163,Melodic Minor（Phonk）,VZEUS,电音
164,Vem Vem,Jmilton/MC Xangai,电音
165,nobody (make me feel),oskar med k/Khalid,电音
166,1-800,bbno$/Ironmouse,电音
167,No Broke Boys,Disco Lines/Tinashe,电音
168,Open Eyes(PHONK),GTR7,电音
169,Montagem Nada Tropic,"Little Mu, Music Producer",电音
170,ACELERADA,sma$her/MXZI,电音
171,MANGATA,GTR7,电音
172,MONTAGEM XONADA 2,Lunak/iphonk,电音
173,MONTAGEM SEM PARA 2,Lunak,电音
174,VAI TOMA TOMA (MENTE MA),7YE,电音
175,绝对压制 Absolute suppression(压制 手法 绝境 突破 自我),BOY,电音
176,PASSO FUNK,Lunak,电音
177,Montagem Supersonic,Khaos/Jmilton/Mc Jaja,电音
178,Vai Toma(PHONK),GTR7,电音
179,MANGATA(绝对压制),GTR7,电音
180,AMICAMA(PHONK),GTR7,电音
181,THE SILENCE,sleepyyer,电音
182,Vem Vem V2,DT LEXNAT,电音
183,OVERLOAD!,ASMODEUS/DEITIES,电音
184,UwU Funk,Lunak,电音
185,Crystal Obsidian,KNSRK,电音
186,MANGAT Kill（PHONK）,HiLXG,电音
187,MEMORIZING,DJ DELACROIX/OXXED/Wintherduud,电音
188,Officially Cool (Vanto Remix),方艺潭/WINTER,电音
189,MONTAGEM,Ex_smt,电音
190,Teenage Dreams,Lazer Boomerang,电音
191,the king3(排山倒海）,Paper.MAN,电音
192,弥渡山歌Phonk House,Pudding_PD,电音
193,An Ode to Time,冻痛/Yaecui^小冉,电音
194,Falling again,Lunak,电音
195,DIA DELÍCIA 2 (Instrument Mix),7YE,电音
196,Got It Now (Phonk),YaKio/Wehti/VZEUS/离离离,电音
197,Montagem Nada phonk,F2FZ,电音
198,murder,Experience,电音
199,Kisses Phone,Lunak,电音
200,HOMAGE FUNK,KIXIA/KREZUS/MC KAIQUE SP,电音
201,Sugar On My Tongue,"Tyler, The Creator",说唱
202,TURN UP,PlaqueBoyMax/Rakai/BunnaB,说唱
203,in my zone,VALORANT/bbno$,说唱
204,DON'T KILL THE PARTY (feat. Quavo & Juicy J),Ty Dolla $ign/Juicy J/Quavo,说唱
205,Tsunami,DJ Snake/Future/Travis Scott,说唱
206,Please Me,Cardi B/Bruno Mars,说唱
207,What Did I Miss?,Drake,说唱
208,Letter To My Block,Lil Tjay,说唱
209,Eu Tô Fazendo uma Mágica,Gordinho Bolado/Felipe Original,说唱
210,ErrTime (feat. Jeezy) [Remix],Cardi B/Jeezy,说唱
211,DAMIDAMI,Sihan/三Z-STUDIO/HOYO-MiX,ACG
212,JANE DOE,米津玄師/宇多田ヒカル,ACG
213,耀斑,HOYO-MiX/YMIR,ACG
214,拂晓 Proi Proi,HOYO-MiX/NIDA,ACG
215,IRIS OUT,米津玄師,ACG
216,Little Bouquet,Aimer,ACG
217,提瓦特民谣,宴宁/XY大甘蔗/柳知萧/闫夜桥/陶典/孙晔,ACG
218,新月的摇篮曲（其一）：伴月同眠 Lullaby of the New Moon (I): Somnias a Luna,HOYO-MiX,ACG
219,When We Were the Most Beautiful,ヒグチアイ/塞壬唱片-MSR,ACG
220,うつくしじごく,Reol,ACG
221,挪德卡莱 Nod-Krai,AURORA/HOYO-MiX,ACG
222,TIAN TIAN,Mili,ACG
223,Pastoral,Aimer,ACG
224,in your blue eyes,Ave Mujica/塞壬唱片-MSR,ACG
225,VISIONS （『仮面ライダーゼッツ』主題歌）,NAQT VANE,ACG
226,Let's Go!! Rider Kick (TeddyLoid Edit),TeddyLoid,ACG
227,MAGIC,Ado,ACG
228,革命道中 - On The Way,アイナ・ジ・エンド,ACG
229,BATTLEPLAN ARCLIGHT,塞壬唱片-MSR/Alaina Cross,ACG
230,反常光谱,塞壬唱片-MSR/Camilo Forero,ACG
231,致以无名的抗争者,鸣潮先约电台/jixwang/Thena A/Tarokiki/VISION SOUND,ACG
232,RUNNING FOR YOUR LIFE,鸣潮先约电台/Casey Lee Williams,ACG
233,エガクミライ,MyGO!!!!!,ACG
234,Sealed,塞壬唱片-MSR/Talyr Renee/Erik Castro/David Lin,ACG
235,于深空见证的,恋与深空/张韶涵,ACG
236,Little Bouquet (Instrumental),Aimer,ACG
237,晚祷的铃歌 Dzwony na nieszpory,HOYO-MiX,ACG
238,ムリムリ進化論,七音阿卡莉,ACG
239,ありふれてたい,花譜,ACG
240,再会,Vaundy,ACG
241,My Color,DAIKI(AWSM.),ACG
242,不及,苏诗丁/三Z-STUDIO/HOYO-MiX,ACG
243,"My Curse, My Fate (Destin et malédiction)",宫阁/三Z-STUDIO/HOYO-MiX,ACG
244,Paper Boat,塞壬唱片-MSR/chengcheng/Maria Landi,ACG
245,Watch me!,YOASOBI,ACG
246,NAME==逻各斯？秘所思,八奈见杏菜,ACG
247,ハレの日に - Harenohini,汐れいら,ACG
248,飘曳的眠梦 The Swinging Motion of the Hulls,HOYO-MiX,ACG
249,咆哮 - HOKO,友成空,ACG
250,リリィ,上田麗奈,ACG
251,Hello,Furui Riho,ACG
252,母神傩,以闪亮之名/小时姑娘,ACG
253,迷っちゃうわ,フィロソフィーのダンス,ACG
254,Behind the Curtain,无期迷途,ACG
255,"RIDER, RIDER",TeddyLoid,ACG
256,Pastoral (TV Size),Aimer,ACG
257,プラットフォーム,Uru,ACG
258,永夜与破晓的誓刃 To Light the Aeon Dark,HOYO-MiX,ACG
259,主角,世界之外,ACG
260,春天对花所做的事,恋与深空,ACG
261,凝固的浪花（转载）,八奈见杏菜,ACG
262,Mirage (OP Theme to Call of the Night Season 2),Creepy Nuts,ACG
263,Drown Out the Noise and Push Through the Trash,RAISE A SUILEN,ACG
264,HALO,NOMELON NOLEMON,ACG
265,催眠,ゆーり,ACG
266,End of Days,ReoNa,ACG
267,インフェリア,シユイ,ACG
268,无序频谱,塞壬唱片-MSR/KOOOZ,ACG
269,Iolite,Eve,ACG
270,夜阑安暇时 At Ease Near Night's End,HOYO-MiX,ACG
271,Grow on My Time,塞壬唱片-MSR/Gracie Van Brunt/Erik Castro/David Lin,ACG
272,惊蛰时,塞壬唱片-MSR/Ws Music,ACG
273,あなたはかいぶつ,TOOBOE,ACG
274,Spider Beat,TeddyLoid/ChibaNyan,ACG
275,Against the Rising Tide,塞壬唱片-MSR/BaoUner,ACG
276,我曾在...,无期迷途/Elena Borroni,ACG
277,まなざしは光,キタニタツヤ,ACG
278,喝彩,世界之外,ACG
279,Feel,羊文学,ACG
280,ложь,塞壬唱片-MSR/BaoUner,ACG
281,残酷な夜に輝け - Shine in the Cruel Night,LiSA,ACG
282,no man's world,音羽-otoha-,ACG
283,Quest(水槽 Remix),秋山黄色/水槽,ACG
284,美梦必须成真,塞壬唱片-MSR/SHIKI,ACG
285,Butterfly～愛・アイヤー～,96猫,ACG
286,Stare In Wonder,BE:FIRST,ACG
287,らしさ,Official髭男dism,ACG
288,Get No Satisfied !,JAM Project/BABYMETAL,ACG
289,ラストルック,須田景凪,ACG
290,Graceful Punishment,Cascade of…/あんさんぶるスターズ！！,ACG
291,光のすみか,安田レイ,ACG
292,かごめかごめ,オーイシマサヨシ,ACG
293,LEVIATION,塞壬唱片-MSR/BLACK 0/SKa2or,ACG
294,Legion of Hell,TeddyLoid/Emme,ACG
295,マリー,Myuk,ACG
296,星の鼓動,こはならむ,ACG
297,終点,V.W.P,ACG
298,VICTORY,TeddyLoid/トップハムハット狂,ACG
299,To My Savior,Zhevincia,ACG
300,Remnants (Hikaru and Yoshiki),梅田修一朗/小林千晃,ACG
301,Before the beginning,暖暖,ACG
302,SOLO LEVELING WORKOUT (DARK ARIA/4eVR Remix by Yuki Tsujimura),澤野弘之,ACG
303,ハッピーラッキーチャッピー,ano,ACG
304,Requiem for Fate,Roselia,ACG
305,The After,塞壬唱片-MSR/Chris Mann,ACG
306,眠れ - Nemure (ED Theme to Call of the Night Season 2),Creepy Nuts,ACG
307,Take Off,DAIKI(AWSM.),ACG
308,スノウドロップ,Conton Candy,ACG
309,Radio (Dum-Dum),宋雨琦,Korean
310,TRUE,Yoari,Korean
311,JUMP,BLACKPINK,Korean
312,Golden,HUNTR/X/EJAE/Audrey Nuna/REI AMI/KPop Demon Hunters Cast,Korean
313,Whiplash,aespa,Korean
314,Deja Vu,RESCENE,Korean
315,봄눈,10cm,Korean
316,One Spot,沈佳润 (NINA),Korean
317,Falling (Feat. Young K (DAY6)),WOODZ/Young K,Korean
318,On Clap(Feat. Lexie Liu),宋雨琦/刘柏辛Lexie,Korean
319,different,leejean,Korean
320,FREAK,宋雨琦,Korean
321,Officially Cool (Vanto Remix),方艺潭/WINTER,Korean
322,Strategy,TWICE,Korean
323,책방오빠 문학소녀,BIBI,Korean
324,BBUU!,PLAVE,Korean
325,WE GO UP,BABYMONSTER,Korean
326,작은 나보다 커다란 세상이 문을 열어 줄 것 같아,FTISLAND,Korean
327,Stuck In The Middle,BABYMONSTER,Korean
328,THIS IS FOR,TWICE,Korean
329,Love 119,RIIZE,Korean
330,DRIP,BABYMONSTER,Korean
331,Armageddon,aespa,Korean
332,I NEED YOU,Ailee,Korean
333,Supernova,aespa,Korean
334,body,多荣,Korean
335,Could It Be,宋雨琦,Korean
336,Blue Valentine,NMIXX,Korean
337,트로피 (TROPHY),82MAJOR,Korean
338,UP (KARINA Solo),aespa,Korean
339,MEEEEEE (NAYEON),TWICE,Korean
340,짠해,FIESTAR,Korean
341,Homesick (Prod. by Primary),Benzamin,Korean
342,처음만 힘들지,015B/NAYUL,Korean
343,BATTER UP,BABYMONSTER,Korean
344,WORK Pt.4 - ATEEZ X G-Eazy,ATEEZ/G-Eazy,Korean
345,아무래도 (Feat. ZENE THE ZILLA) (feat. ZENE THE ZILLA (제네 더 질라)),TOIL/Gist,Korean
346,봉봉해파리별 (비비노스 - 에이스테 Sub : SUA Part.2),C!naH,Korean
347,Lips Hips Kiss,KISS OF LIFE,Korean
348,봉숭아,PLAVE,Korean
349,FAMOUS,ALLDAY PROJECT,Korean
350,KNOW ABOUT ME,NMIXX,Korean
351,Like I Do (Jay Park Remix),朴宰范,Korean
352,클락션 (Klaxon),i-dle,Korean
353,Soda Pop,Saja Boys/Andrew 崔/Neckwav/Danny Chung/Kevin Woo/samUIL Lee/KPop Demon Hunters Cast,Korean
354,Y,Free Style,Korean
355,가위바위보,FIFTY FIFTY,Korean
356,HANDS UP,MEOVV,Korean
357,꿈결같아서,MINNIE,Korean
358,Elevator,BAEKHYUN,Korean
359,HOT SAUCE,BABYMONSTER,Korean
360,나만 바라봐,TAEYANG,Korean
361,I AM,IVE,Korean
362,DREAM,BABYMONSTER,Korean
363,Doll,i-dle,Korean
364,나였으면,罗润权/도경수 (D.O.),Korean
365,REBEL HEART,IVE,Korean
366,Run & Run,金艺林,Korean
367,SPINNIN′ ON IT,NMIXX,Korean
368,LLOOVVEE,itssiu,Korean
369,Your Idol,Saja Boys/Andrew 崔/Neckwav/Danny Chung/Kevin/samUIL Lee/KPop Demon Hunters Cast,Korean
370,Super Lady,i-dle,Korean
371,WORK,ATEEZ,Korean
372,"바이, 썸머",IU,Korean
373,What It Sounds Like,HUNTR/X/EJAE/Audrey Nuna/REI AMI/KPop Demon Hunters Cast,Korean
374,ATTITUDE,IVE,Korean
375,Pookie,FIFTY FIFTY,Korean
376,Live My Life,aespa,Korean
377,B.O.M.B,TREASURE,Korean
378,Boom Boom Bass,RIIZE,Korean
379,Almost (feat. Sonny Zero),oftn,Korean
380,흔적기관 (痕跡器管),KIMMUSEUM/JEMN,Korean
381,Nothing,KISS OF LIFE,Korean
382,WICKED,ALLDAY PROJECT,Korean
383,Sacred Light (비비노스 - 에이스테 Sub : Luka Part.2),BL8M,Korean
384,How It’s Done,HUNTR/X/EJAE/Audrey Nuna/REI AMI/KPop Demon Hunters Cast,Korean
385,Red Rover,宋雨琦,Korean
386,YELLOW,TREASURE,Korean
387,첫눈이 오면,SUHO,Korean
388,Strawberry Champagne,Dept,Korean
389,AEAO,Dynamic Duo/DJ Premier,Korean
390,Strategy,Olivia Marsh,Korean
391,Pop Pop,itssiu/seoseo (서서),Korean
392,Skrr,HAON/GISELLE,Korean
393,SHOOT (Firecracker),彩瑛,Korean
394,Heart Drop,RESCENE,Korean
395,Kitsch,IVE,Korean
396,Push Back,AtHeart,Korean
397,Last Forever,i-dle,Korean
398,Takedown,HUNTR/X/EJAE/Audrey Nuna/REI AMI/KPop Demon Hunters Cast,Korean
399,Hold Up,Neo/Jeiff,Korean
400,FENDI,宋雨琦,Korean
401,DANCING ALONE,KiiiKiii,Korean
402,Beat-Boxer (English Version),NEXZ,Korean
403,Chocolate,BAEKHYUN,Korean
404,Air,礼志 (YEJI),Korean
405,HER,MINNIE,Korean
406,딱 1년만 (Feat. 10CM),BIG Naughty/10cm,Korean
407,BODY,MEOVV,Korean
408,Positive,Jamback,EDM
409,Jamaican (Bam Bam),HUGEL/SOLTO (FR),EDM
410,Coming Up (It’s Dare),Odd Mob/OMNOM/HYPERBEAM,EDM
411,Love Songs (feat. Kosmo Kint),Prospa/Kosmo Kint,EDM
412,Diet Coke,Fallon (IE),EDM
413,I Cannot,Anti Up,EDM
414,Feels Like Us,DEVAULT,EDM
415,Love Parade,Cassian/Yotto/Da Hool,EDM
416,GOAT,BLOND:ISH/Darco/Broken Hill,EDM
417,Fancy $hit,CID/Taylr Renee,EDM
418,Same Man (DERON Rework),Deron/Dj Delicious,EDM
419,All The DJs,Patrick Topping,EDM
420,Hold It Down (DARE),Layton Giordani,EDM
421,Cry For You (2025),SIDEPIECE,EDM
422,Talk of the Town,Fred again../Sammy Virji/reggie,EDM
423,Bullshit,Matroda/KLP,EDM
424,Control,Jay de Lys,EDM
425,Take It Back (To The Old School),Sidney Charles,EDM
426,Sound of You (ft TEED),ANOTR/TEED,EDM
427,I Wanna Go,Britney Spears,EDM
428,Till I Die,Anyma/Solomun/Claudia Valentina,EDM
429,PYHU (Put Your Hands Up),HUGEL/Kurd Maverick,EDM
430,Call You Back,Layton Giordani/GENESI/Be No Rain,EDM
431,Waitin',HotLap,EDM
432,Shake Your Body,ALISHA/Julian Fijma,EDM
433,Edge of Desire,Jonas Blue/Malive,EDM
434,Ain't Nobody,Mr. Belt & Wezol/RUZE,EDM
435,Cocaine Inside My Blunts,Disco Lines,EDM
436,Vamos A La Playa (Feat. Miranda),Cloonee/Miranda,EDM
437,LA NOCHE,Chris Lake/Skrillex/Anita B Queen,EDM
438,No Broke Boys,Disco Lines/Tinashe,EDM
439,You & Me,Max Styler,EDM
440,Bailando,Pietro/Massianello,EDM
441,What U Need,RSquared,EDM
442,Bugatti,Tiga,EDM
443,Where's The Party At?,Locky/Luke Dean,EDM
444,ROCK THE RHYTHM,Dan Molinari,EDM
445,Through the Night,Anil Aras,EDM
446,Girls Like That,GREG 99,EDM
447,Dame Un Grrr (Provi Remix Radio Edit),Fantomel/Kate Linn/PROVI,EDM
448,Monologue,Bonafique,EDM
449,Power (Original Mix),Babes on the Run,EDM
450,Eyes On Me,Nicole Moudaber/Space 92,EDM
451,Think About Us,Sonny Fodera/D.O.D/Poppy Baskcomb,EDM
452,crystallized,John Summit/Inéz,EDM
453,Born Like That,Kevin de Vries/Jast,EDM
454,No Hesitating,Joe Rolét,EDM
455,I WANNA ROCK,BartS/Kelland,EDM
456,Like I Like It,Mau P,EDM
457,The One (Extended Mix),CamelPhat/Josh Gigante,EDM
458,Substance,Delta Heavy,EDM
459,You Gonna Want Me (I Know),Tiga/MEDUZA,EDM
460,Get Down,Burnski/Kepler.,EDM
461,So Fine,Flex (UK),EDM
462,My Mind,Korolova/JOA,EDM
463,Therapy,Original Sin,EDM
464,Beto’s Horns (fred remix),Fred again../CA7RIEL & Paco Amoroso,EDM
465,Magik,Luch/Órsay/Ajna (BE),EDM
466,Insomnia,Faithless,EDM
467,The Creator,Low Steppa/Rue Jay/Reza/Chuck Roberts,EDM
468,4 Ya Mind,AYYBO/Discip,EDM
469,Hold That Sucker Down (Extended Mix),Circadian,EDM
470,Hyper Rave,Sidney Charles,EDM
471,Say Less (ft. IRAH & Mr Williamz),Breakage/Shy FX/iRah/Mr. Williamz,EDM
472,Scream!,ChaseWest,EDM
473,Dance,ARTBAT,EDM
474,Sahara,Sllash & Doppe,EDM
475,Up Down,bradeazy/TyriqueOrdie,EDM
476,Kids,FEZZO,EDM
477,H2DAIZZO,The Martinez Brothers,EDM
478,Side Quest,Sub Zero,EDM
479,THE FUTURE,Ankhoï/Luch,EDM
480,Verano En NY,Tomàn,EDM
481,London's On Fire,Chris Lorenzo/Max Styler/Audio Bullys,EDM
482,East2West,Rello,EDM
483,A Feeling I Miss,Cassian/Matt Ryder,EDM
484,Gets Like That,Max Dean/Luke Dean,EDM
485,Pump Up The Jam,Laherte,EDM
486,Loxia,Marco V,EDM
487,Don't Stop,Prospa,EDM
488,GENIE,ero808/No Static/NAAR (US),EDM
489,The Bag,Stef Davidse,EDM
490,WTF,SCRIPT,EDM
491,"Shook Ones, PT. III",HNTR,EDM
492,Danz Danz,Reboot,EDM
493,Supa Smoov,Locky/Luke Dean,EDM
494,Raw,MPH,EDM
495,Inside The Rider,Disrupta,EDM
496,Brave Shine,Aimer,ACG
497,Underclass HERO,LONGMAN,ACG
498,Black Flame,KID PHENOMENON,ACG
499,勇者,YOASOBI,ACG
500,Loo% Who%,凛として時雨,ACG
501,Poison,Blake Roman/Sam Haft/Andrew Underberg,ACG
502,Pastoral (Instrumental),Aimer,ACG
503,Ref:rain,Aimer,ACG
504,桜風,ぼっちぼろまる,ACG
505,線香花火,H△G/田中美海,ACG
506,グライド,Myuk,ACG
507,クスシキ,Mrs. GREEN APPLE,ACG
508,SPECIALZ,King Gnu,ACG
509,ACTION,eill,ACG
510,ラブホイッスル Alert！,CHiCO with HoneyWorks,ACG
511,おしんこ,田中ユウスケ/agehasprings,ACG
512,∞,高柳知葉,ACG
513,Corridors of Dawn,梅林太郎,ACG
514,JEOPARDY,澤野弘之,ACG
515,Poison (Hazbin Hotel Original Soundtrack),Blake Roman/Sam Haft/Andrew Underberg,ACG
516,絶対称賛!,MARUMOCHI from HoneyWorks/Kotoha,ACG
517,雑踏、僕らの街,トゲナシトゲアリ,ACG
518,青春のシルエット,H△G,ACG
519,unravel,TK from 凛として時雨,ACG
520,Jeopardy(Instrumental),澤野弘之,ACG
521,ACTION！,八木海莉⚡️電音遊戯/八木海莉,ACG
522,オトノケ - Otonoke,Creepy Nuts,ACG
523,ninelie,Aimer/EGOIST,ACG
524,PARAGON,澤野弘之,ACG
525,Avid,SawanoHiroyuki[nZk]/瑞葵(mizuki),ACG
526,夢じゃないならなんなのさ,Little Glee Monster,ACG
527,LAST STARDUST,Aimer,ACG
528,一人、紡ぐ時間,田山里奈,ACG
529,KONTINUUM,SennaRin,ACG
530,FIVE as ONE,RAISE A SUILEN,ACG
531,星座になれたら,結束バンド,ACG
532,Brave Shine (TV size),Aimer,ACG
533,生きて、燦々,いきものがかり,ACG
534,がらすの線,Tele,ACG
535,mild days,羊文学,ACG
536,Social World,霧島透子,ACG
537,INERTIA,SawanoHiroyuki[nZk]/Rei,ACG
538,Liberation,澤野弘之/Tielle,ACG
539,Someone,霧島透子,ACG
540,とおりゃんせ,東山奈央,ACG
541,铠兽力量_《铠兽超人呢3决战超次元》动画主题曲,乐淘动漫,ACG
542,不可思議のカルテ All Heroine Ver.,瀬戸麻沙美/東山奈央/種崎敦美/内田真礼/久保ユリカ/水瀬いのり,ACG
543,惑う星,結束バンド,ACG
544,Method,Kroi,ACG
545,Imprisoned XII,Ave Mujica,ACG
546,心の在り処,澤野弘之/沢城みゆき,ACG
547,晴る,ヨルシカ,ACG
548,Rêve de ballon,東海大学付属高輪台高校吹奏楽部,ACG
549,いつかのBOKUのために,内田雄馬,ACG
550,声なき魚 (新川崎(仮)),トゲナシトゲアリ,ACG
551,嘘じゃない,ずっと真夜中でいいのに。,ACG
552,FUTURE SESSION,オルケリア,ACG
553,サムおじさんの豚,久保早瑠菜,ACG
554,LEveL,SawanoHiroyuki[nZk]/TOMORROW X TOGETHER,ACG
555,くすぐったい。,CHiCO with HoneyWorks,ACG
556,ONENESS HARMONY,オルケリア,ACG
557,ヒプノシスマイク -Division Rap Battle- FINAL,Division All Stars,ACG
558,ヒトリゴト,ClariS,ACG
559,戦場の華,CHiCO with HoneyWorks,ACG
560,黄金の彼方 - Golden Horizon,Awich/ALI,ACG
561,アポリア,ヨルシカ,ACG
562,Hilbert Space,霧島透子,ACG
563,secret base ~君がくれたもの~ (10 years after Ver.),茅野愛衣/戸松遥/早見沙織,ACG
564,ダレモ,トゲナシトゲアリ,ACG
565,Oh！レディ・ステディ・ポジティブ,Liyuu,ACG
566,REVIVER,澤野弘之/SennaRin,ACG
567,SUPERNOVA,KANA-BOON,ACG
568,SugaRiddle,やなぎなぎ,ACG
569,UNDEAD,YOASOBI,ACG
570,怪物,YOASOBI,ACG
571,The 1,muque,ACG
572,more than words,羊文学,ACG
573,Femme Fatale(Remastered),中王区 言の葉党,ACG
574,カーテンの向こう側,原田萌喜,ACG
575,恋してる自分すら愛せるんだ,こはならむ,ACG
576,地球儀,米津玄師,ACG
577,Resolution,MADKID,ACG
578,ボーイズトーク,原田萌喜,ACG
579,aLIEz,瑞葵(mizuki)/SawanoHiroyuki[nZk],ACG
580,JANE DOE,米津玄師/宇多田ヒカル,Japanese
581,愛属性,ピノキオピー,Japanese
582,ドゥーマー,東京真中,Japanese
583,カイコ,DECO*27/初音ミク,Japanese
584,モニタリング (Best Friend Remix),DECO*27/初音ミク,Japanese
585,IRIS OUT,米津玄師,Japanese
586,プロポーズ,なとり,Japanese
587,Little Bouquet,Aimer,Japanese
588,Unslept,未來電波基地,Japanese
589,T氏の話を信じるな (feat. 初音ミク & 重音テト),ピノキオピー/初音ミク/重音テト,Japanese
590,染春,回春丹,Rock
591,Unslept,未來電波基地,Rock
592,美猴亡,漫游会议室,Rock
593,给我,犬儒乐队,Rock
594,鲜花,回春丹,Rock
595,心房,犬儒乐队,Rock
596,白鸟,犬儒乐队,Rock
597,喝彩,回春丹,Rock
598,理想主义,秋野乐队,Rock
599,差一点,漫游会议室,Rock
600,岸边客,夏子航（2603）,国风
601,诀别书,邓垚,国风
602,知我,国风堂/哦漏,国风
603,牵丝戏,银临/Aki阿杰,国风
604,听夜雨,礼越,国风
605,一程山路,毛不易,国风
606,千年泪,刘宇,国风
607,江南雪,礼越,国风
608,西厢寻他,伯爵Johnny/唐伯虎Annie,国风
609,九万字,黄诗扶,国风
610,我发誓我要美丽,贺予彤,Folk
611,绝对占有 相对自由,陈粒,Folk
612,花,海洋Bo/黄绮珊,Folk
613,走马,陈粒,Folk
614,我是人间惆怅客,空想之喵,Folk
615,清透,陈粒,Folk
616,奇妙能力歌,陈粒,Folk
617,光,陈粒,Folk
618,梧桐,翔屿/听潮阁,Folk
619,种种,陈粒,Folk
620,Kamin,EMIN/JONY,Russian
621,Камин,EMIN/JONY,Russian
622,"Умри, если меня не любишь",DAKOOKA,Russian
623,манго нектар,Corn Wave,Russian
624,Умри если меня не любишь,DAKOOKA,Russian
625,Зая,Бамбинтон,Russian
626,Hot,Liili,Russian
627,Розовое вино,Элджей/Feduk,Russian
628,Колыбельная,Rauf & Faik,Russian
629,кисы - котики,Measora,Russian
630,Dạ Vũ,Tăng Duy Tân/BAE,Vietnamese
631,Cắt Đôi Nỗi Sầu,Tăng Duy Tân/Drum 7,Vietnamese
632,See Tình (Speed Up Version),Hoàng Thùy Linh,Vietnamese
633,See Tình,Hoàng Thùy Linh/Dtap,Vietnamese
634,2 Phút Hơn (KAIZ Remix),Pháo/KAIZ,Vietnamese
635,EM ƠI CỨ VUI,Touliver/SlimV,Vietnamese
636,Vì Yêu Cứ Đâm Đầu,MIN,Vietnamese
637,Ngây Thơ,Tăng Duy Tân/Phong Max,Vietnamese
638,VietDragon (Faith -KayV DC),VietDragon,Vietnamese
639,Yêu 5,Rhymastic,Vietnamese
640,天真的橡皮 白水寒 (一勺料汁),DJ小小智,DJ
641,是想你的声音啊,傲七爷（江偌绮）,DJ
642,Again,黏苞米糊糊（pay姐）,DJ
643,拉个勾说永远爱我,刘楚,DJ
644,拆穿 (DJAh Remix),闭文思,DJ
645,问,Jan,DJ
646,相拥与你,DJ阿智,DJ
647,来不及爱你 (DJ阿智),DJ阿智,DJ
648,梦里花 (唯一纯白的茉莉花),DJ阿智/yiyi林淑怡,DJ
649,燕无歇 (DJ yaha),蒋雪儿Snow.J,DJ
650,ขอโทษได้ไหม (If Only),NONT TANONT/Billkin,Thai
651,มนตรา (Mantra) (Ost.เขมจิราต้องรอด),KENG HARIT,Thai
652,พูดจริง,MEYOU,Thai
653,พี่ชอบหนูที่สุดเลย,PONCHET/VARINZ,Thai
654,รักเท่าไหร่ก็ไม่เอา,Ten Nararak,Thai
655,"จากฝัน (Reality) (Original Soundtrack from ""เขมจิราต้องรอด"")",FirstOne,Thai
656,นับหนึ่ง (From now on),Billkin,Thai
657,ชอบเธออะ,Bell玲惠,Thai
658,"ออกแบบรัก (Love Design) (From ""รับ(รัก)ออกแบบ"")",Kao Supassara Thanachat/Janeeyeh Methika Jiranorraphat,Thai
659,"อาจจะมีสักวัน (เพลงประกอบละคร ""ทะเลริษยา"")",Nan Vatiya,Thai
660,never meant to hurt you,Demxntia,R&B
661,50 Feet,SoMo,R&B
662,Call You Tonight,Whitney Houston,R&B
663,intentions,Starfall,R&B
664,Die For You,The Weeknd,R&B
665,Fallin' Out,Keyshia Cole,R&B
666,NEW DANCE,XG,R&B
667,Nothin' on Me,Leah Marie Perez,R&B
668,Put A Little Umph In It (Album Version),Jagged Edge/Ashanti,R&B
669,Shut up My Moms Calling,Hotel Ugly,R&B
670,Peaches,Justin Bieber/Daniel Caesar/GIVĒON,R&B
671,That's What I Like,Bruno Mars,R&B
672,double take,Dhruv,R&B
673,Come Around Me,Justin Bieber,R&B
674,If I Ain't Got You,Alicia Keys,R&B
675,Starboy,The Weeknd/Daft Punk,R&B
676,One Of The Girls,The Weeknd/JENNIE/Lily-Rose Depp,R&B
677,Popular (Music from the HBO Original Series),The Weeknd/Playboi Carti/Madonna,R&B
678,Dear Alcohol (Mega Remix),Dax/Atlus/Kelsie Watts/Carly Pearl/ERV ELLO/SkyDxddy/Trippz/Kayla Rae/Common Tribe/TROY/Phix/KC Makes Music/Official Dj Aaron,R&B
679,Water,Tyla,R&B
680,PIMMIE'S DILEMMA,Pimmie/PARTYNEXTDOOR/Drake,R&B
681,Watch Me Work,Tinashe,R&B
682,luther,Kendrick Lamar/SZA,R&B
683,LEFT RIGHT,XG,R&B
684,After Hours,The Weeknd,R&B
685,I wanted you,Ina Wroldsen,R&B
686,"Psycho, Pt. 2",Russ,R&B
687,Ride It,Larissa Lambert/Jay Sean,R&B
688,Dilemma,Nelly/Kelly Rowland,R&B
689,HEARTBREAK ANNIVERSARY,GIVĒON,R&B
690,Say Goodbye,LODONI,R&B
691,Alive,Blue,R&B
692,Self Love,Metro Boomin/Coi Leray,R&B
693,Right Now (Na Na Na),Akon,R&B
694,Is There Someone Else?,The Weeknd,R&B
695,Snooze,SZA,R&B
696,Folded,Kehlani,R&B
697,Want You,Clara La San,R&B
698,Moonlight,Kali Uchis,R&B
699,boyfriend,Ariana Grande/Social House,R&B
700,Nothing Compares To You,Mickey Guyton/Kane Brown,R&B
701,Because Of You,Ne-Yo,R&B
702,Love Songs,kaash paige,R&B
703,Rolling in the Deep,Adele,R&B
704,Nonsense,Sabrina Carpenter,R&B
705,Leave The Door Open,Bruno Mars/Anderson .Paak/Silk Sonic,R&B
706,So Sick,Ne-Yo,R&B
707,wyd?,Larissa Lambert,R&B
708,Bye Bye,Mariah Carey,R&B
709,Put A Little Umph In It (Single Version),Jagged Edge/Ashanti,R&B
